MatchID,IsNight,BF_Team,BS_Team,BF_Won,BF_PP_Runs,BF_MO_Runs,BF_DO_Runs,BF_Total_Runs,BF_Fours,BF_Sixes,BF_Wickets,BF_Extras,BF_Bowlers,BF_Dots,BS_PP_Runs,BS_MO_Runs,BS_DO_Runs,BS_Total_Runs,BS_Fours,BS_Sixes,BS_Wickets,BS_Extras,BS_Bowlers,BS_Dots
857,0,Punjab Kings,Kolkata Knight Riders,1,56.0,83.0,48.0,187.0,17.0,9.0,5.0,4.0,5,43.0,45.0,67.0,28.0,140.0,13.0,7.0,7.0,6.0,7,37.0
858,1,Lucknow Super Giants,Delhi Capitals,1,29.0,86.0,70.0,185.0,5.0,16.0,6.0,8.0,5,43.0,43.0,48.0,42.0,133.0,16.0,2.0,9.0,10.0,6,53.0
859,0,Rajasthan Royals,Sunrisers Hyderabad,1,84.0,65.0,46.0,195.0,22.0,8.0,5.0,8.0,6,39.0,30.0,45.0,49.0,124.0,8.0,5.0,8.0,7.0,6,58.0
860,1,Mumbai Indians,Royal Challengers Bangalore,0,28.0,69.0,63.0,160.0,15.0,7.0,7.0,11.0,7,49.0,49.0,86.0,32.0,167.0,11.0,13.0,2.0,5.0,6,38.0
861,1,Chennai Super Kings,Lucknow Super Giants,1,69.0,68.0,64.0,201.0,17.0,13.0,7.0,16.0,7,37.0,73.0,54.0,60.0,187.0,13.0,9.0,7.0,18.0,7,41.0
862,1,Delhi Capitals,Gujarat Titans,0,38.0,59.0,50.0,147.0,16.0,6.0,8.0,15.0,6,54.0,51.0,56.0,48.0,155.0,15.0,5.0,4.0,8.0,5,35.0
863,1,Punjab Kings,Rajasthan Royals,1,59.0,75.0,53.0,187.0,19.0,7.0,4.0,10.0,5,35.0,55.0,58.0,69.0,182.0,14.0,10.0,7.0,10.0,6,40.0
864,1,Kolkata Knight Riders,Royal Challengers Bangalore,1,31.0,76.0,74.0,181.0,21.0,9.0,7.0,23.0,7,49.0,50.0,39.0,28.0,117.0,13.0,4.0,10.0,6.0,6,50.0
865,1,Sunrisers Hyderabad,Lucknow Super Giants,1,41.0,32.0,44.0,117.0,10.0,3.0,8.0,4.0,7,52.0,38.0,59.0,13.0,110.0,15.0,3.0,5.0,17.0,7,47.0
866,0,Rajasthan Royals,Delhi Capitals,1,65.0,57.0,71.0,193.0,23.0,7.0,4.0,6.0,6,40.0,35.0,65.0,32.0,132.0,15.0,0.0,9.0,10.0,6,45.0
868,0,Gujarat Titans,Kolkata Knight Riders,0,42.0,68.0,78.0,188.0,19.0,7.0,4.0,16.0,6,34.0,42.0,89.0,72.0,203.0,15.0,15.0,7.0,4.0,5,43.0
869,1,Punjab Kings,Sunrisers Hyderabad,0,38.0,41.0,58.0,137.0,17.0,6.0,9.0,6.0,6,69.0,34.0,63.0,48.0,145.0,22.0,3.0,2.0,0.0,6,42.0
870,1,Royal Challengers Bangalore,Lucknow Super Giants,1,54.0,54.0,92.0,200.0,13.0,15.0,2.0,12.0,6,35.0,31.0,112.0,54.0,197.0,18.0,12.0,9.0,16.0,6,39.0
871,1,Delhi Capitals,Mumbai Indians,0,50.0,52.0,59.0,161.0,21.0,5.0,10.0,11.0,7,45.0,67.0,48.0,52.0,167.0,15.0,10.0,4.0,6.0,6,49.0
872,1,Rajasthan Royals,Chennai Super Kings,1,57.0,54.0,54.0,165.0,12.0,7.0,8.0,10.0,6,34.0,44.0,54.0,64.0,162.0,12.0,6.0,6.0,10.0,6,37.0
873,1,Punjab Kings,Gujarat Titans,0,46.0,42.0,54.0,142.0,16.0,5.0,8.0,11.0,5,56.0,55.0,45.0,46.0,146.0,18.0,1.0,4.0,8.0,6,39.0
874,1,Sunrisers Hyderabad,Kolkata Knight Riders,1,58.0,68.0,90.0,216.0,22.0,11.0,4.0,12.0,7,30.0,60.0,69.0,66.0,195.0,18.0,11.0,7.0,10.0,6,44.0
875,0,Royal Challengers Bangalore,Delhi Capitals,1,46.0,82.0,35.0,163.0,13.0,8.0,6.0,11.0,6,42.0,32.0,65.0,51.0,148.0,18.0,2.0,9.0,3.0,6,46.0
876,1,Lucknow Super Giants,Punjab Kings,0,48.0,53.0,46.0,147.0,12.0,6.0,8.0,12.0,7,48.0,44.0,62.0,49.0,155.0,16.0,6.0,8.0,6.0,6,51.0
877,0,Kolkata Knight Riders,Mumbai Indians,0,47.0,77.0,47.0,171.0,13.0,10.0,6.0,14.0,6,44.0,70.0,76.0,36.0,182.0,15.0,13.0,5.0,4.0,7,38.0
878,1,Gujarat Titans,Rajasthan Royals,0,40.0,63.0,69.0,172.0,13.0,7.0,7.0,5.0,5,33.0,24.0,75.0,77.0,176.0,10.0,15.0,7.0,3.0,6,49.0
879,1,Chennai Super Kings,Royal Challengers Bangalore,1,53.0,91.0,75.0,219.0,12.0,17.0,6.0,7.0,6,33.0,71.0,82.0,54.0,207.0,13.0,16.0,8.0,11.0,6,37.0
880,1,Mumbai Indians,Sunrisers Hyderabad,1,52.0,56.0,82.0,190.0,19.0,9.0,5.0,2.0,5,41.0,39.0,82.0,38.0,159.0,19.0,4.0,10.0,19.0,6,41.0
881,1,Lucknow Super Giants,Rajasthan Royals,1,35.0,63.0,50.0,148.0,13.0,5.0,7.0,6.0,5,48.0,42.0,48.0,42.0,132.0,14.0,4.0,6.0,12.0,6,51.0
882,1,Royal Challengers Bangalore,Punjab Kings,1,56.0,58.0,48.0,162.0,13.0,6.0,4.0,12.0,6,37.0,48.0,63.0,34.0,145.0,9.0,10.0,10.0,5.0,6,46.0
883,1,Kolkata Knight Riders,Delhi Capitals,0,32.0,53.0,30.0,115.0,10.0,6.0,10.0,12.0,6,67.0,59.0,31.0,31.0,121.0,17.0,0.0,6.0,7.0,7,52.0
884,0,Sunrisers Hyderabad,Chennai Super Kings,0,43.0,52.0,35.0,130.0,11.0,2.0,7.0,4.0,6,41.0,58.0,44.0,34.0,136.0,16.0,1.0,3.0,2.0,7,39.0
885,1,Gujarat Titans,Lucknow Super Giants,1,40.0,49.0,45.0,134.0,9.0,4.0,6.0,1.0,6,46.0,53.0,51.0,22.0,126.0,12.0,2.0,7.0,2.0,7,50.0
886,0,Punjab Kings,Mumbai Indians,1,55.0,44.0,103.0,202.0,16.0,14.0,8.0,12.0,6,46.0,51.0,78.0,69.0,198.0,17.0,11.0,6.0,3.0,7,33.0
887,1,Royal Challengers Bangalore,Rajasthan Royals,1,62.0,76.0,38.0,176.0,19.0,6.0,9.0,13.0,5,37.0,47.0,59.0,66.0,172.0,18.0,6.0,6.0,10.0,6,38.0
888,1,Chennai Super Kings,Kolkata Knight Riders,1,59.0,86.0,87.0,232.0,14.0,18.0,4.0,3.0,7,35.0,35.0,87.0,54.0,176.0,14.0,12.0,8.0,10.0,6,50.0
889,1,Delhi Capitals,Sunrisers Hyderabad,1,48.0,46.0,46.0,140.0,15.0,2.0,9.0,4.0,7,44.0,36.0,48.0,52.0,136.0,13.0,1.0,6.0,1.0,6,40.0
890,1,Gujarat Titans,Mumbai Indians,1,48.0,62.0,92.0,202.0,14.0,12.0,6.0,5.0,6,35.0,24.0,70.0,53.0,147.0,9.0,9.0,9.0,5.0,6,51.0
891,1,Kolkata Knight Riders,Royal Challengers Bangalore,1,65.0,56.0,72.0,193.0,16.0,12.0,5.0,7.0,6,37.0,57.0,72.0,44.0,173.0,12.0,7.0,8.0,6.0,7,31.0
892,1,Rajasthan Royals,Chennai Super Kings,1,63.0,61.0,67.0,191.0,22.0,6.0,5.0,11.0,6,37.0,42.0,69.0,57.0,168.0,13.0,7.0,6.0,2.0,6,35.0
893,0,Lucknow Super Giants,Punjab Kings,1,70.0,98.0,74.0,242.0,28.0,14.0,5.0,15.0,7,41.0,50.0,83.0,55.0,188.0,18.0,8.0,10.0,13.0,9,44.0
894,1,Kolkata Knight Riders,Gujarat Titans,1,60.0,55.0,61.0,176.0,12.0,12.0,7.0,3.0,6,49.0,50.0,55.0,63.0,168.0,17.0,8.0,3.0,12.0,6,29.0
895,0,Sunrisers Hyderabad,Delhi Capitals,1,59.0,61.0,67.0,187.0,17.0,9.0,6.0,10.0,6,38.0,56.0,72.0,56.0,184.0,14.0,8.0,6.0,4.0,6,27.0
896,1,Chennai Super Kings,Punjab Kings,1,53.0,71.0,68.0,192.0,23.0,6.0,4.0,8.0,6,36.0,60.0,57.0,71.0,188.0,14.0,9.0,6.0,13.0,6,35.0
897,1,Rajasthan Royals,Mumbai Indians,0,52.0,70.0,65.0,187.0,21.0,12.0,7.0,25.0,6,55.0,54.0,81.0,69.0,204.0,21.0,10.0,4.0,10.0,6,32.0
898,1,Royal Challengers Bangalore,Lucknow Super Giants,1,42.0,45.0,37.0,124.0,6.0,2.0,9.0,2.0,7,38.0,32.0,40.0,29.0,101.0,8.0,4.0,10.0,7.0,7,66.0
899,1,Delhi Capitals,Gujarat Titans,1,27.0,42.0,56.0,125.0,9.0,5.0,8.0,5.0,6,59.0,30.0,37.0,53.0,120.0,9.0,4.0,6.0,5.0,5,54.0
900,1,Punjab Kings,Mumbai Indians,0,50.0,70.0,77.0,197.0,22.0,7.0,3.0,17.0,6,32.0,49.0,94.0,66.0,209.0,24.0,9.0,4.0,7.0,6,28.0
902,0,Kolkata Knight Riders,Sunrisers Hyderabad,1,45.0,75.0,43.0,163.0,16.0,6.0,9.0,8.0,6,47.0,47.0,69.0,36.0,152.0,15.0,5.0,8.0,14.0,7,48.0
903,1,Rajasthan Royals,Gujarat Titans,0,48.0,44.0,18.0,110.0,9.0,3.0,10.0,8.0,6,44.0,46.0,70.0,0.0,116.0,14.0,3.0,1.0,3.0,5,29.0
904,0,Mumbai Indians,Chennai Super Kings,0,34.0,49.0,48.0,131.0,16.0,1.0,8.0,8.0,6,49.0,51.0,63.0,21.0,135.0,9.0,7.0,4.0,5.0,7,39.0
905,1,Royal Challengers Bangalore,Delhi Capitals,0,51.0,62.0,60.0,173.0,16.0,6.0,4.0,8.0,6,33.0,67.0,84.0,27.0,178.0,16.0,12.0,3.0,9.0,7,35.0
906,1,Gujarat Titans,Lucknow Super Giants,1,76.0,75.0,70.0,221.0,15.0,14.0,2.0,6.0,8,25.0,68.0,47.0,48.0,163.0,16.0,7.0,7.0,8.0,6,45.0
907,1,Rajasthan Royals,Sunrisers Hyderabad,0,55.0,79.0,69.0,203.0,20.0,11.0,2.0,11.0,6,36.0,52.0,81.0,79.0,212.0,15.0,13.0,6.0,5.0,6,32.0
908,1,Punjab Kings,Kolkata Knight Riders,0,53.0,53.0,60.0,166.0,22.0,6.0,7.0,13.0,7,53.0,50.0,63.0,65.0,178.0,20.0,6.0,5.0,4.0,7,39.0
909,1,Royal Challengers Bangalore,Mumbai Indians,1,56.0,86.0,53.0,195.0,21.0,8.0,6.0,4.0,6,37.0,59.0,82.0,45.0,186.0,17.0,13.0,4.0,14.0,5,33.0
910,1,Chennai Super Kings,Delhi Capitals,1,44.0,61.0,47.0,152.0,10.0,7.0,8.0,15.0,6,40.0,45.0,40.0,44.0,129.0,11.0,6.0,8.0,11.0,6,55.0
912,1,Mumbai Indians,Gujarat Titans,1,60.0,78.0,78.0,216.0,22.0,12.0,5.0,2.0,5,41.0,46.0,68.0,71.0,185.0,16.0,12.0,8.0,6.0,6,46.0
913,0,Sunrisers Hyderabad,Lucknow Super Giants,0,52.0,72.0,53.0,177.0,18.0,8.0,6.0,5.0,7,45.0,28.0,70.0,81.0,179.0,15.0,10.0,3.0,6.0,6,37.0
914,1,Punjab Kings,Delhi Capitals,1,38.0,59.0,57.0,154.0,14.0,8.0,7.0,13.0,7,51.0,65.0,34.0,33.0,132.0,17.0,2.0,8.0,4.0,7,52.0
915,1,Royal Challengers Bangalore,Rajasthan Royals,1,40.0,64.0,62.0,166.0,12.0,7.0,5.0,5.0,5,31.0,25.0,31.0,0.0,56.0,4.0,4.0,10.0,3.0,5,40.0
916,1,Chennai Super Kings,Kolkata Knight Riders,1,52.0,35.0,51.0,138.0,7.0,5.0,6.0,6.0,6,41.0,43.0,57.0,35.0,135.0,14.0,4.0,4.0,12.0,6,42.0
917,1,Gujarat Titans,Sunrisers Hyderabad,1,57.0,79.0,39.0,175.0,23.0,2.0,9.0,13.0,7,35.0,44.0,57.0,44.0,145.0,14.0,5.0,9.0,9.0,6,48.0
918,1,Lucknow Super Giants,Mumbai Indians,1,34.0,63.0,70.0,167.0,6.0,11.0,3.0,10.0,6,42.0,55.0,56.0,46.0,157.0,13.0,7.0,5.0,15.0,6,46.0
919,1,Delhi Capitals,Punjab Kings,1,60.0,76.0,72.0,208.0,20.0,11.0,2.0,5.0,6,36.0,44.0,69.0,75.0,188.0,15.0,13.0,8.0,10.0,6,50.0
921,1,Punjab Kings,Rajasthan Royals,1,46.0,64.0,71.0,181.0,17.0,9.0,5.0,6.0,5,43.0,56.0,73.0,51.0,180.0,18.0,9.0,6.0,9.0,5,46.0
922,0,Chennai Super Kings,Delhi Capitals,1,50.0,88.0,75.0,213.0,17.0,14.0,3.0,10.0,6,33.0,34.0,74.0,27.0,135.0,11.0,6.0,9.0,11.0,5,52.0
923,1,Lucknow Super Giants,Kolkata Knight Riders,0,49.0,52.0,63.0,164.0,13.0,10.0,8.0,12.0,8,51.0,60.0,43.0,63.0,166.0,17.0,7.0,7.0,9.0,6,47.0
924,1,Sunrisers Hyderabad,Mumbai Indians,0,48.0,87.0,53.0,188.0,20.0,7.0,5.0,12.0,6,34.0,59.0,92.0,44.0,195.0,21.0,10.0,2.0,6.0,7,33.0
925,1,Royal Challengers Bangalore,Gujarat Titans,1,61.0,65.0,64.0,190.0,25.0,3.0,5.0,7.0,5,29.0,46.0,76.0,57.0,179.0,17.0,10.0,4.0,19.0,6,42.0
1043,1,Chennai Super Kings,Gujarat Titans,1,47.0,57.0,63.0,167.0,14.0,4.0,7.0,5.0,5,36.0,40.0,47.0,55.0,142.0,13.0,5.0,10.0,15.0,5,50.0
1044,1,Mumbai Indians,Lucknow Super Giants,1,58.0,64.0,44.0,166.0,17.0,8.0,8.0,16.0,6,46.0,51.0,38.0,2.0,91.0,10.0,2.0,10.0,10.0,6,50.0
1045,1,Gujarat Titans,Mumbai Indians,1,49.0,95.0,79.0,223.0,18.0,13.0,3.0,10.0,6,27.0,71.0,74.0,19.0,164.0,17.0,7.0,10.0,7.0,6,41.0
1046,1,Gujarat Titans,Chennai Super Kings,1,62.0,67.0,81.0,210.0,20.0,9.0,4.0,4.0,5,27.0,69.0,84.0,13.0,166.0,11.0,10.0,5.0,5.0,6,19.0
1355,0,Delhi Capitals,Punjab Kings,0,46.0,63.0,55.0,164.0,16.0,9.0,9.0,10.0,6,50.0,57.0,50.0,62.0,169.0,20.0,4.0,6.0,8.0,6,34.0
1356,1,Kolkata Knight Riders,Sunrisers Hyderabad,1,40.0,75.0,85.0,200.0,13.0,14.0,7.0,8.0,6,41.0,60.0,49.0,88.0,197.0,13.0,15.0,7.0,7.0,6,43.0
1357,0,Rajasthan Royals,Lucknow Super Giants,1,53.0,72.0,60.0,185.0,10.0,11.0,4.0,8.0,6,32.0,38.0,81.0,40.0,159.0,13.0,8.0,6.0,14.0,6,40.0
1358,1,Gujarat Titans,Mumbai Indians,0,46.0,59.0,51.0,156.0,15.0,4.0,6.0,12.0,7,41.0,50.0,69.0,40.0,159.0,15.0,7.0,9.0,3.0,6,49.0
1359,1,Punjab Kings,Royal Challengers Bengaluru,1,39.0,69.0,60.0,168.0,15.0,8.0,6.0,8.0,6,46.0,46.0,54.0,60.0,160.0,19.0,6.0,6.0,18.0,6,48.0
1360,1,Chennai Super Kings,Gujarat Titans,1,66.0,69.0,65.0,200.0,16.0,11.0,6.0,6.0,6,34.0,41.0,62.0,29.0,132.0,13.0,3.0,8.0,11.0,6,50.0
1361,1,Sunrisers Hyderabad,Mumbai Indians,1,78.0,104.0,76.0,258.0,21.0,18.0,3.0,19.0,6,22.0,71.0,102.0,62.0,235.0,13.0,20.0,5.0,11.0,6,32.0
1362,1,Rajasthan Royals,Delhi Capitals,1,29.0,59.0,90.0,178.0,15.0,10.0,5.0,7.0,5,41.0,58.0,49.0,61.0,168.0,15.0,7.0,5.0,5.0,6,39.0
1363,1,Royal Challengers Bengaluru,Kolkata Knight Riders,1,60.0,62.0,56.0,178.0,11.0,11.0,6.0,4.0,6,41.0,75.0,63.0,33.0,171.0,11.0,13.0,3.0,15.0,6,30.0
1364,0,Lucknow Super Giants,Punjab Kings,1,53.0,80.0,59.0,192.0,15.0,10.0,8.0,7.0,6,36.0,61.0,68.0,45.0,174.0,15.0,10.0,5.0,4.0,6,44.0
1365,1,Sunrisers Hyderabad,Gujarat Titans,0,53.0,53.0,52.0,158.0,12.0,6.0,8.0,4.0,6,42.0,52.0,55.0,57.0,164.0,13.0,6.0,3.0,4.0,6,28.0
1366,0,Delhi Capitals,Chennai Super Kings,1,59.0,63.0,58.0,180.0,16.0,9.0,5.0,11.0,5,42.0,28.0,68.0,62.0,158.0,13.0,7.0,6.0,13.0,7,44.0
1367,1,Mumbai Indians,Rajasthan Royals,1,44.0,49.0,25.0,118.0,10.0,3.0,9.0,7.0,5,61.0,36.0,51.0,26.0,113.0,15.0,3.0,4.0,14.0,5,41.0
1368,1,Lucknow Super Giants,Royal Challengers Bengaluru,1,53.0,67.0,51.0,171.0,11.0,14.0,5.0,10.0,6,51.0,48.0,47.0,47.0,142.0,12.0,8.0,10.0,11.0,7,54.0
1369,1,Kolkata Knight Riders,Delhi Capitals,1,80.0,87.0,83.0,250.0,23.0,18.0,7.0,22.0,7,36.0,45.0,94.0,11.0,150.0,14.0,11.0,10.0,16.0,6,50.0
1370,1,Gujarat Titans,Punjab Kings,1,46.0,71.0,73.0,190.0,22.0,5.0,4.0,9.0,6,31.0,53.0,70.0,64.0,187.0,18.0,8.0,7.0,13.0,6,39.0
1371,1,Chennai Super Kings,Sunrisers Hyderabad,1,48.0,70.0,45.0,163.0,14.0,6.0,5.0,2.0,7,39.0,76.0,52.0,32.0,160.0,12.0,8.0,4.0,6.0,7,38.0
1372,1,Royal Challengers Bengaluru,Rajasthan Royals,0,46.0,70.0,56.0,172.0,15.0,7.0,3.0,11.0,6,33.0,54.0,89.0,43.0,186.0,20.0,6.0,4.0,3.0,6,33.0
1373,0,Mumbai Indians,Delhi Capitals,1,69.0,56.0,95.0,220.0,20.0,14.0,5.0,14.0,6,37.0,45.0,92.0,65.0,202.0,18.0,11.0,8.0,3.0,6,38.0
1374,1,Lucknow Super Giants,Gujarat Titans,1,43.0,51.0,64.0,158.0,12.0,6.0,5.0,5.0,6,38.0,48.0,37.0,33.0,118.0,9.0,4.0,10.0,12.0,6,52.0
1404,1,Kolkata Knight Riders,Chennai Super Kings,0,50.0,36.0,38.0,124.0,12.0,4.0,9.0,13.0,6,58.0,50.0,54.0,32.0,136.0,14.0,4.0,3.0,5.0,6,40.0
1405,1,Sunrisers Hyderabad,Punjab Kings,1,38.0,69.0,68.0,175.0,18.0,8.0,9.0,7.0,5,49.0,26.0,70.0,77.0,173.0,17.0,8.0,6.0,7.0,6,46.0
1406,1,Rajasthan Royals,Gujarat Titans,1,43.0,73.0,73.0,189.0,16.0,8.0,3.0,7.0,5,34.0,44.0,64.0,80.0,188.0,20.0,4.0,7.0,11.0,6,28.0
1407,1,Royal Challengers Bengaluru,Mumbai Indians,0,44.0,72.0,70.0,186.0,15.0,11.0,8.0,10.0,7,45.0,70.0,108.0,18.0,196.0,18.0,15.0,3.0,3.0,6,29.0
1408,1,Lucknow Super Giants,Delhi Capitals,0,54.0,41.0,62.0,157.0,17.0,2.0,7.0,10.0,5,39.0,56.0,72.0,34.0,162.0,15.0,8.0,4.0,8.0,6,41.0
1409,0,Punjab Kings,Rajasthan Royals,0,35.0,35.0,69.0,139.0,9.0,6.0,8.0,8.0,5,43.0,41.0,46.0,62.0,149.0,12.0,5.0,7.0,3.0,6,43.0
1410,1,Lucknow Super Giants,Kolkata Knight Riders,1,46.0,58.0,49.0,153.0,13.0,7.0,7.0,8.0,6,47.0,48.0,74.0,18.0,140.0,22.0,4.0,2.0,22.0,6,42.0
1411,0,Chennai Super Kings,Mumbai Indians,1,46.0,81.0,71.0,198.0,19.0,11.0,4.0,8.0,7,42.0,63.0,67.0,49.0,179.0,19.0,8.0,6.0,7.0,5,43.0
1412,1,Sunrisers Hyderabad,Royal Challengers Bengaluru,1,75.0,102.0,95.0,272.0,19.0,22.0,3.0,15.0,6,25.0,79.0,95.0,74.0,248.0,24.0,16.0,7.0,14.0,7,30.0
1413,1,Gujarat Titans,Delhi Capitals,0,24.0,41.0,14.0,79.0,8.0,1.0,10.0,10.0,6,64.0,62.0,24.0,0.0,86.0,9.0,6.0,4.0,6.0,4,26.0
1414,1,Kolkata Knight Riders,Rajasthan Royals,0,48.0,80.0,74.0,202.0,27.0,9.0,6.0,21.0,5,41.0,71.0,48.0,89.0,208.0,21.0,12.0,8.0,16.0,6,41.0
1415,1,Mumbai Indians,Punjab Kings,1,54.0,60.0,67.0,181.0,15.0,10.0,7.0,11.0,6,37.0,32.0,83.0,47.0,162.0,11.0,12.0,10.0,21.0,6,50.0
1416,1,Chennai Super Kings,Lucknow Super Giants,1,51.0,46.0,75.0,172.0,14.0,7.0,6.0,4.0,6,37.0,52.0,63.0,52.0,167.0,18.0,5.0,2.0,13.0,6,34.0
1417,1,Sunrisers Hyderabad,Delhi Capitals,1,124.0,66.0,71.0,261.0,18.0,22.0,7.0,5.0,6,28.0,84.0,69.0,38.0,191.0,22.0,9.0,10.0,8.0,7,41.0
1418,0,Kolkata Knight Riders,Royal Challengers Bengaluru,0,70.0,64.0,68.0,202.0,28.0,7.0,6.0,20.0,5,41.0,71.0,85.0,56.0,212.0,16.0,17.0,10.0,9.0,6,49.0
1419,1,Punjab Kings,Gujarat Titans,0,54.0,37.0,47.0,138.0,12.0,5.0,10.0,4.0,7,52.0,44.0,44.0,55.0,143.0,16.0,2.0,7.0,3.0,6,39.0
1420,0,Mumbai Indians,Rajasthan Royals,0,42.0,71.0,56.0,169.0,14.0,8.0,9.0,10.0,5,40.0,59.0,73.0,45.0,177.0,17.0,9.0,1.0,6.0,7,36.0
1421,1,Chennai Super Kings,Lucknow Super Giants,1,49.0,68.0,89.0,206.0,19.0,10.0,4.0,4.0,6,34.0,44.0,73.0,87.0,204.0,19.0,10.0,4.0,9.0,7,33.0
1422,1,Delhi Capitals,Gujarat Titans,1,43.0,73.0,103.0,219.0,18.0,16.0,4.0,5.0,7,40.0,66.0,71.0,75.0,212.0,23.0,10.0,8.0,8.0,6,33.0
1423,1,Royal Challengers Bengaluru,Sunrisers Hyderabad,1,61.0,74.0,64.0,199.0,18.0,8.0,7.0,7.0,7,23.0,59.0,62.0,40.0,161.0,10.0,9.0,8.0,10.0,7,44.0
1424,1,Kolkata Knight Riders,Punjab Kings,0,73.0,95.0,80.0,248.0,22.0,18.0,6.0,13.0,6,37.0,90.0,101.0,65.0,256.0,15.0,24.0,2.0,6.0,7,29.0
1425,1,Delhi Capitals,Mumbai Indians,1,89.0,89.0,71.0,249.0,22.0,17.0,4.0,8.0,6,31.0,56.0,84.0,90.0,230.0,21.0,15.0,9.0,17.0,6,31.0
1426,1,Lucknow Super Giants,Rajasthan Royals,0,46.0,86.0,46.0,178.0,22.0,2.0,5.0,18.0,5,32.0,58.0,73.0,64.0,195.0,19.0,9.0,3.0,4.0,7,30.0
1427,0,Gujarat Titans,Royal Challengers Bengaluru,0,37.0,87.0,65.0,189.0,15.0,10.0,3.0,11.0,6,34.0,57.0,80.0,57.0,194.0,14.0,16.0,1.0,12.0,6,25.0
1428,1,Chennai Super Kings,Sunrisers Hyderabad,1,48.0,82.0,73.0,203.0,20.0,8.0,3.0,9.0,6,27.0,53.0,50.0,28.0,131.0,9.0,4.0,10.0,3.0,6,37.0
1429,0,Delhi Capitals,Kolkata Knight Riders,0,62.0,39.0,39.0,140.0,17.0,5.0,9.0,13.0,6,58.0,75.0,55.0,23.0,153.0,16.0,7.0,3.0,4.0,5,38.0
1430,1,Mumbai Indians,Lucknow Super Giants,1,27.0,47.0,62.0,136.0,12.0,4.0,7.0,8.0,6,53.0,50.0,49.0,35.0,134.0,15.0,3.0,6.0,11.0,6,47.0
1431,1,Chennai Super Kings,Punjab Kings,0,50.0,34.0,60.0,144.0,15.0,4.0,7.0,18.0,6,42.0,51.0,80.0,22.0,153.0,17.0,5.0,3.0,10.0,7,40.0
1432,1,Sunrisers Hyderabad,Rajasthan Royals,1,36.0,82.0,75.0,193.0,13.0,15.0,3.0,8.0,5,46.0,57.0,78.0,52.0,187.0,19.0,8.0,7.0,13.0,7,44.0
1433,1,Kolkata Knight Riders,Mumbai Indians,1,54.0,63.0,45.0,162.0,12.0,9.0,10.0,7.0,6,50.0,42.0,60.0,33.0,135.0,11.0,6.0,10.0,10.0,5,51.0
1434,1,Gujarat Titans,Royal Challengers Bengaluru,0,21.0,66.0,53.0,140.0,17.0,5.0,10.0,7.0,6,56.0,92.0,58.0,0.0,150.0,18.0,8.0,6.0,2.0,5,29.0
1435,1,Chennai Super Kings,Punjab Kings,1,59.0,48.0,54.0,161.0,15.0,5.0,9.0,6.0,6,38.0,45.0,32.0,53.0,130.0,13.0,5.0,9.0,9.0,6,56.0
1436,0,Kolkata Knight Riders,Lucknow Super Giants,1,69.0,84.0,69.0,222.0,22.0,13.0,6.0,13.0,7,34.0,52.0,66.0,12.0,130.0,10.0,7.0,10.0,7.0,6,37.0
1437,1,Sunrisers Hyderabad,Mumbai Indians,1,49.0,50.0,60.0,159.0,13.0,5.0,8.0,14.0,5,40.0,33.0,74.0,45.0,152.0,25.0,6.0,3.0,22.0,6,48.0
1438,0,Delhi Capitals,Rajasthan Royals,1,78.0,72.0,70.0,220.0,22.0,12.0,8.0,1.0,6,30.0,64.0,78.0,44.0,186.0,17.0,13.0,8.0,15.0,6,49.0
1439,1,Lucknow Super Giants,Sunrisers Hyderabad,0,26.0,61.0,74.0,161.0,16.0,4.0,4.0,4.0,6,37.0,104.0,60.0,0.0,164.0,16.0,14.0,0.0,3.0,5,14.0
1440,1,Royal Challengers Bengaluru,Punjab Kings,1,56.0,95.0,82.0,233.0,19.0,16.0,7.0,8.0,6,34.0,74.0,76.0,25.0,175.0,23.0,7.0,10.0,6.0,7,36.0
1441,1,Gujarat Titans,Chennai Super Kings,1,57.0,120.0,48.0,225.0,15.0,13.0,3.0,6.0,6,24.0,41.0,88.0,60.0,189.0,16.0,12.0,8.0,7.0,6,44.0
1442,1,Kolkata Knight Riders,Mumbai Indians,1,48.0,83.0,20.0,151.0,14.0,9.0,7.0,6.0,5,36.0,55.0,51.0,21.0,127.0,14.0,6.0,8.0,12.0,6,44.0
1443,1,Rajasthan Royals,Chennai Super Kings,0,42.0,45.0,49.0,136.0,7.0,6.0,5.0,5.0,5,45.0,53.0,49.0,37.0,139.0,11.0,5.0,5.0,6.0,6,37.0
1444,1,Royal Challengers Bengaluru,Delhi Capitals,1,59.0,70.0,48.0,177.0,10.0,11.0,9.0,10.0,6,39.0,54.0,68.0,12.0,134.0,12.0,5.0,10.0,6.0,7,50.0
1446,1,Delhi Capitals,Lucknow Super Giants,1,68.0,57.0,75.0,200.0,18.0,10.0,4.0,8.0,7,38.0,57.0,67.0,59.0,183.0,16.0,10.0,9.0,6.0,8,46.0
1447,0,Rajasthan Royals,Punjab Kings,0,38.0,61.0,43.0,142.0,18.0,2.0,9.0,2.0,6,51.0,39.0,50.0,55.0,144.0,13.0,6.0,5.0,1.0,5,43.0
1449,1,Lucknow Super Giants,Mumbai Indians,1,46.0,77.0,80.0,203.0,16.0,14.0,6.0,11.0,8,40.0,49.0,65.0,71.0,185.0,17.0,11.0,6.0,11.0,6,48.0
1450,1,Royal Challengers Bengaluru,Chennai Super Kings,1,41.0,88.0,81.0,210.0,14.0,16.0,5.0,8.0,6,38.0,49.0,63.0,64.0,176.0,16.0,8.0,7.0,15.0,7,34.0
1451,1,Punjab Kings,Sunrisers Hyderabad,1,60.0,85.0,59.0,204.0,17.0,12.0,5.0,10.0,6,37.0,76.0,85.0,37.0,198.0,16.0,14.0,6.0,17.0,7,35.0
1453,1,Sunrisers Hyderabad,Kolkata Knight Riders,0,41.0,75.0,36.0,152.0,13.0,6.0,10.0,7.0,6,43.0,52.0,101.0,0.0,153.0,18.0,10.0,2.0,11.0,6,30.0
1455,1,Sunrisers Hyderabad,Rajasthan Royals,1,67.0,51.0,49.0,167.0,11.0,9.0,9.0,8.0,5,41.0,49.0,40.0,45.0,134.0,13.0,5.0,7.0,5.0,7,56.0
1456,1,Sunrisers Hyderabad,Kolkata Knight Riders,0,34.0,47.0,19.0,100.0,9.0,3.0,10.0,13.0,6,56.0,67.0,36.0,0.0,103.0,11.0,6.0,2.0,11.0,6,24.0
1857,0,Punjab Kings,Rajasthan Royals,1,54.0,84.0,72.0,210.0,23.0,10.0,5.0,9.0,6,35.0,88.0,57.0,57.0,202.0,21.0,11.0,7.0,7.0,6,42.0
1858,1,Delhi Capitals,Gujarat Titans,0,42.0,79.0,72.0,193.0,17.0,10.0,3.0,6.0,6,37.0,59.0,81.0,61.0,201.0,15.0,11.0,0.0,4.0,6,22.0
